metric,set1 - Task0
accuracy,0.740007202
f1score,0.831701632
sens,0.730848013
spec,0.806547619
ppv,0.964845863
npv,0.292025862
auc,0.836368048
